{
  "version": 1,
  "optimizer_weights_file": null,
  "controller_states": {
    "IntelligentFocalLossController": {
      "current_gamma": 0.0,
      "alpha": [
        0.44852735117155057,
        0.4497407749554366,
        0.44919041298431167,
        0.449561038569932,
        0.44880388512976793,
        0.45009346024162655,
        0.4490757762526944,
        0.45201960188517587,
        0.45016013012447403,
        0.4528275686850303
      ],
      "last_switch_epoch": 73,
      "threshold_reached_epoch": {},
      "_ramp_start_epoch": 73,
      "_ramp_start_gamma": 0.0,
      "_ramp_target_gamma": 0.0,
      "best_acc": 0.9857271909713745,
      "plateau_count": 1,
      "current_alpha": [
        0.44852735117155057,
        0.4497407749554366,
        0.44919041298431167,
        0.449561038569932,
        0.44880388512976793,
        0.45009346024162655,
        0.4490757762526944,
        0.45201960188517587,
        0.45016013012447403,
        0.4528275686850303
      ]
    },
    "DynamicSchedulerController": {
      "current_phase": 1,
      "epoch_offset": 43,
      "phase_switched_epoch": {
        "0.985": 42
      }
    }
  }
}