epoch,accuracy,learning_rate,loss,val_accuracy,val_loss
0,0.5327470302581787,0.0010000000474974513,1.0005139112472534,0.6697096824645996,0.5290848612785339
