{
  "version": 1,
  "optimizer_weights_file": "training_state_optimizer.npy",
  "controller_states": {
    "IntelligentFocalLossController": {
      "current_gamma": 0.0,
      "alpha": [
        0.2305918217119938,
        0.2608345027313666,
        0.2432282880806627,
        0.25343774486905757,
        0.2567185321597514,
        0.2457982626909765,
        0.25711663296507875,
        0.26574048083916657,
        0.24920759327904973,
        0.25195379127299034,
        0.24063651737128414,
        0.2548597682378779,
        0.2511374895598258,
        0.2588893590675318,
        0.2522118745418999,
        0.24453234631065615,
        0.2555915981538517,
        0.25503438952478286,
        0.25110088548754783,
        0.2500456200959278,
        0.2522507421446957,
        0.24910047102568886,
        0.25943203758327227,
        0.25826323057203976,
        0.2463507416549422,
        0.250685873231082,
        0.23981247930510205,
        0.24308115387679743,
        0.247583552057848,
        0.24764751193096804,
        0.2463003109605585,
        0.2652103252664201,
        0.25415757849207854,
        0.24803689855978991,
        0.2379255643682514,
        0.2395163982699635,
        0.24466507766452236,
        0.2433623350842894,
        0.24222068222228335,
        0.25414666184405343,
        0.24006623122310267,
        0.26429981352996196,
        0.2708879090491227,
        0.23107982237840247,
        0.24242587588242584,
        0.25446880406800193,
        0.24259368759674474,
        0.2526247443999591,
        0.25472378863631034,
        0.2599333254384057,
        0.2559437956340524,
        0.24847976736409924,
        0.24187807031483327,
        0.2597209450853512,
        0.23993250076535644,
        0.23846956086493745,
        0.24786071466070883,
        0.24387138523985194,
        0.23880526327056972,
        0.2640465176146938,
        0.2609943155537493,
        0.2595458868632232,
        0.2673981212654538,
        0.2580825550082469,
        0.243865669800079,
        0.2423596978603212,
        0.2455731739075569,
        0.24417830267887208,
        0.25728108535069305,
        0.2503358215467022,
        0.26172930376989617,
        0.2450085290081967,
        0.24847976736409924,
        0.2491493473529267,
        0.23822124673803802,
        0.24286107383797778,
        0.24624236271842304,
        0.23788472625602566,
        0.2481108684517877,
        0.24654008048256087,
        0.2598143981233503,
        0.25192105658336217,
        0.2605532037259944,
        0.24660716621874662,
        0.24864183185279232,
        0.24782769903079013,
        0.2408684426666878,
        0.24943659626594236,
        0.24061976982314728,
        0.24993969549197287,
        0.25699854364753016,
        0.2638941449921451,
        0.24093410779409144,
        0.26172930376989617,
        0.23759089630758687,
        0.26048190455261516,
        0.2430181979147146,
        0.25518125643496126,
        0.2451817406075556,
        0.25438846029846435
      ],
      "last_switch_epoch": 85,
      "threshold_reached_epoch": {},
      "_ramp_start_epoch": -1,
      "_ramp_start_gamma": 0.0,
      "_ramp_target_gamma": 0.0,
      "best_acc": 0.8792871236801147,
      "plateau_count": 1,
      "current_alpha": [
        0.2305918217119938,
        0.2608345027313666,
        0.2432282880806627,
        0.25343774486905757,
        0.2567185321597514,
        0.2457982626909765,
        0.25711663296507875,
        0.26574048083916657,
        0.24920759327904973,
        0.25195379127299034,
        0.24063651737128414,
        0.2548597682378779,
        0.2511374895598258,
        0.2588893590675318,
        0.2522118745418999,
        0.24453234631065615,
        0.2555915981538517,
        0.25503438952478286,
        0.25110088548754783,
        0.2500456200959278,
        0.2522507421446957,
        0.24910047102568886,
        0.25943203758327227,
        0.25826323057203976,
        0.2463507416549422,
        0.250685873231082,
        0.23981247930510205,
        0.24308115387679743,
        0.247583552057848,
        0.24764751193096804,
        0.2463003109605585,
        0.2652103252664201,
        0.25415757849207854,
        0.24803689855978991,
        0.2379255643682514,
        0.2395163982699635,
        0.24466507766452236,
        0.2433623350842894,
        0.24222068222228335,
        0.25414666184405343,
        0.24006623122310267,
        0.26429981352996196,
        0.2708879090491227,
        0.23107982237840247,
        0.24242587588242584,
        0.25446880406800193,
        0.24259368759674474,
        0.2526247443999591,
        0.25472378863631034,
        0.2599333254384057,
        0.2559437956340524,
        0.24847976736409924,
        0.24187807031483327,
        0.2597209450853512,
        0.23993250076535644,
        0.23846956086493745,
        0.24786071466070883,
        0.24387138523985194,
        0.23880526327056972,
        0.2640465176146938,
        0.2609943155537493,
        0.2595458868632232,
        0.2673981212654538,
        0.2580825550082469,
        0.243865669800079,
        0.2423596978603212,
        0.2455731739075569,
        0.24417830267887208,
        0.25728108535069305,
        0.2503358215467022,
        0.26172930376989617,
        0.2450085290081967,
        0.24847976736409924,
        0.2491493473529267,
        0.23822124673803802,
        0.24286107383797778,
        0.24624236271842304,
        0.23788472625602566,
        0.2481108684517877,
        0.24654008048256087,
        0.2598143981233503,
        0.25192105658336217,
        0.2605532037259944,
        0.24660716621874662,
        0.24864183185279232,
        0.24782769903079013,
        0.2408684426666878,
        0.24943659626594236,
        0.24061976982314728,
        0.24993969549197287,
        0.25699854364753016,
        0.2638941449921451,
        0.24093410779409144,
        0.26172930376989617,
        0.23759089630758687,
        0.26048190455261516,
        0.2430181979147146,
        0.25518125643496126,
        0.2451817406075556,
        0.25438846029846435
      ]
    },
    "DynamicSchedulerController": {
      "current_phase": 2,
      "epoch_offset": 62,
      "phase_switched_epoch": {
        "0.75": 60,
        "0.82": 61
      }
    }
  }
}