{
  "version": 1,
  "optimizer_weights_file": "training_state_optimizer.npy",
  "controller_states": {
    "IntelligentFocalLossController": {
      "current_gamma": 1.2,
      "alpha": [
        0.23283596131193254,
        0.26279370862197143,
        0.24794158381568734,
        0.25823152465723476,
        0.24919436841977607,
        0.24849117484480085,
        0.2525660768346064,
        0.26360202829989277,
        0.25342246460636314,
        0.25471414205534787,
        0.247326863491931,
        0.250197673592241,
        0.2605482780266918,
        0.25347456912098976,
        0.24602855974656657,
        0.2425470235237378,
        0.25205867150506084,
        0.24269634449040542,
        0.25703631884875455,
        0.25626037130502494,
        0.2556052043335506,
        0.2541047871256889,
        0.2510855749362381,
        0.25987803903446355,
        0.24047656700415027,
        0.24637129746620423,
        0.24442052994430144,
        0.24574429797909508,
        0.2502960234525779,
        0.25599520807838544,
        0.24742659639039635,
        0.256597805749999,
        0.2727215252871357,
        0.2450149378478625,
        0.24230704307082065,
        0.24320812652195864,
        0.24235575090629102,
        0.23949269667929535,
        0.24955725622101932,
        0.251391740711218,
        0.24351069343593146,
        0.26255392913313386,
        0.2597802363915722,
        0.2359464298618997,
        0.2415956127241059,
        0.25317866320023164,
        0.23613587564119692,
        0.24927159648378913,
        0.24735248024744494,
        0.25708174058723343,
        0.24930081337730717,
        0.26351588384619995,
        0.24338617969792262,
        0.24881945963897958,
        0.2425611489109327,
        0.24108218136005344,
        0.2515060044904604,
        0.24580866232984092,
        0.23434382603828635,
        0.2696248602453989,
        0.2603444360410468,
        0.2783098952309473,
        0.2668597142600667,
        0.25587682136169315,
        0.24351549989215832,
        0.2484266102244862,
        0.2382731323098874,
        0.24999676232312407,
        0.25445894630912513,
        0.2524383084891734,
        0.2676890406591977,
        0.2548764545866403,
        0.24133441214197437,
        0.2506110197066083,
        0.24292578599894732,
        0.23349821194360726,
        0.24412505058024883,
        0.23857314884515546,
        0.2500160566630425,
        0.2439324697806746,
        0.2603748726299608,
        0.24079818971107128,
        0.2692144973143058,
        0.23972013513768023,
        0.24027541010325393,
        0.2423513463360621,
        0.23644038204500056,
        0.24241049269147,
        0.24245232696531482,
        0.2526779802802575,
        0.26582003889400185,
        0.244907700704441,
        0.24357372932780927,
        0.2628863666845989,
        0.245911431177299,
        0.2464235748277759,
        0.24338617969792262,
        0.25571896253745974,
        0.24650279901910574,
        0.25969681306582026
      ],
      "last_switch_epoch": 95,
      "threshold_reached_epoch": {
        "0.88": 46
      },
      "_ramp_start_epoch": -1,
      "_ramp_start_gamma": 1.2,
      "_ramp_target_gamma": 1.2,
      "best_acc": 0.8918296694755554,
      "plateau_count": 4,
      "current_alpha": [
        0.23283596131193254,
        0.26279370862197143,
        0.24794158381568734,
        0.25823152465723476,
        0.24919436841977607,
        0.24849117484480085,
        0.2525660768346064,
        0.26360202829989277,
        0.25342246460636314,
        0.25471414205534787,
        0.247326863491931,
        0.250197673592241,
        0.2605482780266918,
        0.25347456912098976,
        0.24602855974656657,
        0.2425470235237378,
        0.25205867150506084,
        0.24269634449040542,
        0.25703631884875455,
        0.25626037130502494,
        0.2556052043335506,
        0.2541047871256889,
        0.2510855749362381,
        0.25987803903446355,
        0.24047656700415027,
        0.24637129746620423,
        0.24442052994430144,
        0.24574429797909508,
        0.2502960234525779,
        0.25599520807838544,
        0.24742659639039635,
        0.256597805749999,
        0.2727215252871357,
        0.2450149378478625,
        0.24230704307082065,
        0.24320812652195864,
        0.24235575090629102,
        0.23949269667929535,
        0.24955725622101932,
        0.251391740711218,
        0.24351069343593146,
        0.26255392913313386,
        0.2597802363915722,
        0.2359464298618997,
        0.2415956127241059,
        0.25317866320023164,
        0.23613587564119692,
        0.24927159648378913,
        0.24735248024744494,
        0.25708174058723343,
        0.24930081337730717,
        0.26351588384619995,
        0.24338617969792262,
        0.24881945963897958,
        0.2425611489109327,
        0.24108218136005344,
        0.2515060044904604,
        0.24580866232984092,
        0.23434382603828635,
        0.2696248602453989,
        0.2603444360410468,
        0.2783098952309473,
        0.2668597142600667,
        0.25587682136169315,
        0.24351549989215832,
        0.2484266102244862,
        0.2382731323098874,
        0.24999676232312407,
        0.25445894630912513,
        0.2524383084891734,
        0.2676890406591977,
        0.2548764545866403,
        0.24133441214197437,
        0.2506110197066083,
        0.24292578599894732,
        0.23349821194360726,
        0.24412505058024883,
        0.23857314884515546,
        0.2500160566630425,
        0.2439324697806746,
        0.2603748726299608,
        0.24079818971107128,
        0.2692144973143058,
        0.23972013513768023,
        0.24027541010325393,
        0.2423513463360621,
        0.23644038204500056,
        0.24241049269147,
        0.24245232696531482,
        0.2526779802802575,
        0.26582003889400185,
        0.244907700704441,
        0.24357372932780927,
        0.2628863666845989,
        0.245911431177299,
        0.2464235748277759,
        0.24338617969792262,
        0.25571896253745974,
        0.24650279901910574,
        0.25969681306582026
      ]
    },
    "DynamicSchedulerController": {
      "current_phase": 2,
      "epoch_offset": 38,
      "phase_switched_epoch": {
        "0.75": 36,
        "0.82": 37
      }
    }
  }
}