epoch,accuracy,learning_rate,loss,val_accuracy,val_loss
0,0.3606870174407959,0.0010000000474974513,1.7775553464889526,0.4643819332122803,1.5126473903656006
1,0.7047223448753357,0.0010000000474974513,0.8997684717178345,0.7812032103538513,0.6504161357879639
2,0.8346430063247681,0.0010000000474974513,0.5201015472412109,0.8552828431129456,0.4425846040248871
3,0.8859826326370239,0.0010000000474974513,0.3483365476131439,0.9028733968734741,0.2983020544052124
4,0.911427915096283,0.0010000000474974513,0.26628467440605164,0.8671056628227234,0.4103071093559265
5,0.9266951084136963,0.0010000000474974513,0.2181810438632965,0.9025740623474121,0.2953522503376007
