epoch,accuracy,learning_rate,loss,val_accuracy,val_loss
0,0.03490199148654938,0.0010000000474974513,4.424768924713135,0.0658288449048996,3.9820034503936768
