epoch,accuracy,learning_rate,loss,val_accuracy,val_loss
0,0.17803144454956055,0.0010000000474974513,1.6953728199005127,0.3121819794178009,1.380713701248169
