{
  "version": 1,
  "optimizer_weights_file": "training_state_optimizer.npy",
  "controller_states": {
    "IntelligentFocalLossController": {
      "current_gamma": 2.0,
      "alpha": [
        0.2405762428228841,
        0.2591126926911282,
        0.2497548642258056,
        0.2508663622679383,
        0.24894183805574083,
        0.251294127878863,
        0.2541369707862159,
        0.25102285655568435,
        0.24361387080545266,
        0.24729357515485711,
        0.2465390216488441,
        0.2495242126359489,
        0.2507249065775767,
        0.2448119817543066,
        0.2410515098287611,
        0.24516940877949797,
        0.2496473888485299,
        0.25014400191566444,
        0.2541661332350905,
        0.24855158591895493,
        0.24611405877326936,
        0.25483044654008247,
        0.25509726867987886,
        0.24347004750826184,
        0.24007863864013035,
        0.2560125552700655,
        0.2516583574583569,
        0.2488316429169441,
        0.25009775460381367,
        0.2543784320160688,
        0.2494300147242026,
        0.2546009106357654,
        0.25515256311204926,
        0.24802524214312135,
        0.24584421216414654,
        0.25301544523585023,
        0.24206081255813067,
        0.24713963004543066,
        0.24869822367944053,
        0.2493734941726835,
        0.2445548561633297,
        0.26102571645958167,
        0.2579819060443568,
        0.2412280194810464,
        0.249772950215988,
        0.25065234311427376,
        0.24608470200049054,
        0.25883702622728316,
        0.2470470943794022,
        0.2551611943210275,
        0.2506885308865758,
        0.2537531828534043,
        0.24505114323147661,
        0.2524441350107873,
        0.24938496222011552,
        0.24978270956418264,
        0.24388718144547197,
        0.24875927316181767,
        0.24556867602607224,
        0.25055200477316486,
        0.24944338689645756,
        0.25525994500785093,
        0.2458879810019049,
        0.25835752944244994,
        0.24586118385056263,
        0.25020616315559113,
        0.2516583574583569,
        0.24501245013111164,
        0.2509622596078133,
        0.2567192262048735,
        0.2640502805532977,
        0.24930829275423674,
        0.24296665010724472,
        0.24320326102410822,
        0.2424760893637088,
        0.24826922678739477,
        0.24897369037971956,
        0.24773844534841372,
        0.2550829463040189,
        0.25133372077432914,
        0.2516583574583569,
        0.2519114330390673,
        0.2552919107885802,
        0.24955242978088116,
        0.24996089929505594,
        0.24840073576680916,
        0.24729641610763098,
        0.24360418544752807,
        0.24408184294307173,
        0.25419865043404694,
        0.25440743439688457,
        0.2627949629320888,
        0.24930829275423674,
        0.25939530456078097,
        0.24733749509488034,
        0.24744497201948504,
        0.24613953382988424,
        0.2541028916054473,
        0.2464853982136963,
        0.26078485653284983
      ],
      "last_switch_epoch": 87,
      "threshold_reached_epoch": {
        "0.88": 57,
        "0.93": 58
      },
      "_ramp_start_epoch": 87,
      "_ramp_start_gamma": 2.0,
      "_ramp_target_gamma": 2.0,
      "best_acc": 0.9452947974205017,
      "plateau_count": 2,
      "current_alpha": [
        0.2405762428228841,
        0.2591126926911282,
        0.2497548642258056,
        0.2508663622679383,
        0.24894183805574083,
        0.251294127878863,
        0.2541369707862159,
        0.25102285655568435,
        0.24361387080545266,
        0.24729357515485711,
        0.2465390216488441,
        0.2495242126359489,
        0.2507249065775767,
        0.2448119817543066,
        0.2410515098287611,
        0.24516940877949797,
        0.2496473888485299,
        0.25014400191566444,
        0.2541661332350905,
        0.24855158591895493,
        0.24611405877326936,
        0.25483044654008247,
        0.25509726867987886,
        0.24347004750826184,
        0.24007863864013035,
        0.2560125552700655,
        0.2516583574583569,
        0.2488316429169441,
        0.25009775460381367,
        0.2543784320160688,
        0.2494300147242026,
        0.2546009106357654,
        0.25515256311204926,
        0.24802524214312135,
        0.24584421216414654,
        0.25301544523585023,
        0.24206081255813067,
        0.24713963004543066,
        0.24869822367944053,
        0.2493734941726835,
        0.2445548561633297,
        0.26102571645958167,
        0.2579819060443568,
        0.2412280194810464,
        0.249772950215988,
        0.25065234311427376,
        0.24608470200049054,
        0.25883702622728316,
        0.2470470943794022,
        0.2551611943210275,
        0.2506885308865758,
        0.2537531828534043,
        0.24505114323147661,
        0.2524441350107873,
        0.24938496222011552,
        0.24978270956418264,
        0.24388718144547197,
        0.24875927316181767,
        0.24556867602607224,
        0.25055200477316486,
        0.24944338689645756,
        0.25525994500785093,
        0.2458879810019049,
        0.25835752944244994,
        0.24586118385056263,
        0.25020616315559113,
        0.2516583574583569,
        0.24501245013111164,
        0.2509622596078133,
        0.2567192262048735,
        0.2640502805532977,
        0.24930829275423674,
        0.24296665010724472,
        0.24320326102410822,
        0.2424760893637088,
        0.24826922678739477,
        0.24897369037971956,
        0.24773844534841372,
        0.2550829463040189,
        0.25133372077432914,
        0.2516583574583569,
        0.2519114330390673,
        0.2552919107885802,
        0.24955242978088116,
        0.24996089929505594,
        0.24840073576680916,
        0.24729641610763098,
        0.24360418544752807,
        0.24408184294307173,
        0.25419865043404694,
        0.25440743439688457,
        0.2627949629320888,
        0.24930829275423674,
        0.25939530456078097,
        0.24733749509488034,
        0.24744497201948504,
        0.24613953382988424,
        0.2541028916054473,
        0.2464853982136963,
        0.26078485653284983
      ]
    },
    "DynamicSchedulerController": {
      "current_phase": 2,
      "epoch_offset": 59,
      "phase_switched_epoch": {
        "0.75": 57,
        "0.82": 58
      }
    }
  }
}