epoch,accuracy,learning_rate,loss,val_accuracy,val_loss
0,0.3176272511482239,0.0010000000474974513,1.434615135192871,0.5419036149978638,0.8774368762969971
