{
  "version": 1,
  "optimizer_weights_file": "training_state_optimizer.npy",
  "controller_states": {
    "IntelligentFocalLossController": {
      "current_gamma": 0.0,
      "alpha": [
        0.45012095284655707,
        0.448133889006413,
        0.45103233790605163,
        0.44986541483227793,
        0.44864035182220563,
        0.4500479558211137,
        0.45024959479402216,
        0.44914030785271675,
        0.4509802376768003,
        0.45178895744184233
      ],
      "last_switch_epoch": 102,
      "threshold_reached_epoch": {},
      "_ramp_start_epoch": 102,
      "_ramp_start_gamma": 0.0,
      "_ramp_target_gamma": 0.0,
      "best_acc": 0.9873348474502563,
      "plateau_count": 2,
      "current_alpha": [
        0.45012095284655707,
        0.448133889006413,
        0.45103233790605163,
        0.44986541483227793,
        0.44864035182220563,
        0.4500479558211137,
        0.45024959479402216,
        0.44914030785271675,
        0.4509802376768003,
        0.45178895744184233
      ]
    },
    "DynamicSchedulerController": {
      "current_phase": 1,
      "epoch_offset": 67,
      "phase_switched_epoch": {
        "0.985": 66
      }
    }
  }
}