{
  "version": 1,
  "optimizer_weights_file": "training_state_optimizer.npy",
  "controller_states": {
    "IntelligentFocalLossController": {
      "current_gamma": 0.0,
      "alpha": [
        0.4482381570058866,
        0.44564510977342287,
        0.4447729740265145,
        0.4496907338589748,
        0.44369110061652284,
        0.45016896818916724,
        0.45507572457427775,
        0.4547618415362447,
        0.4488811789476634,
        0.45907421147132543
      ],
      "last_switch_epoch": 134,
      "threshold_reached_epoch": {},
      "_ramp_start_epoch": 134,
      "_ramp_start_gamma": 0.0,
      "_ramp_target_gamma": 0.0,
      "best_acc": 0.9645923972129822,
      "plateau_count": 0,
      "current_alpha": [
        0.4482381570058866,
        0.44564510977342287,
        0.4447729740265145,
        0.4496907338589748,
        0.44369110061652284,
        0.45016896818916724,
        0.45507572457427775,
        0.4547618415362447,
        0.4488811789476634,
        0.45907421147132543
      ]
    },
    "DynamicSchedulerController": {
      "current_phase": 0,
      "epoch_offset": 0,
      "phase_switched_epoch": {}
    }
  }
}