epoch,accuracy,learning_rate,loss,val_accuracy,val_loss
0,0.5897455215454102,0.0010000000474974513,0.8973914384841919,0.8531876802444458,0.2732284665107727
