epoch,accuracy,learning_rate,loss,val_accuracy,val_loss
0,0.1497005969285965,0.0010000000474974513,1.781555414199829,0.3118826746940613,1.3731393814086914
