{
  "teacher": {
    "type": "v4+v7+v15+v16+v17+v18+v19+v23+v24+v27+v28+v29+v32+super_high_accuracy_validator",
    "accuracy": 0.9018427294289363,
    "size_kb": 25381.1787109375
  },
  "student": {
    "type": "v32_xl",
    "accuracy": 0.8532202152891808,
    "size_kb": 1710.4873046875,
    "tflite_path": "exported_models/100cls_RGB/distilled_v4+v7+v15+v16+v17+v18+v19+v23+v24+v27+v28+v29+v32+super_high_accuracy_validator_to_v32_xl_100cls_RGB_0404_1212/v32_xl.tflite"
  },
  "distillation": {
    "mode": "soft",
    "temperature": 8.0,
    "alpha": 0.85,
    "use_progressive": true
  },
  "comparison": {
    "accuracy_drop": 0.04862251413975549,
    "size_ratio": 14.838565969698648,
    "compression_ratio": 14.838565969698648,
    "accuracy_retention": 0.9460853732551082
  },
  "training": {
    "num_classes": 100,
    "color_mode": "rgb",
    "batch_size": 32,
    "teacher_lr": 0.001,
    "student_lr": 0.0001,
    "input_shape": [
      32,
      20,
      3
    ]
  },
  "timestamp": "2026-04-04T13:21:22.579453"
}