epoch,accuracy,learning_rate,loss,val_accuracy,val_loss
0,0.5133233666419983,0.0010000000474974513,1.030848503112793,0.7307692170143127,0.48912152647972107
