{
  "version": 1,
  "optimizer_weights_file": "training_state_optimizer.npy",
  "controller_states": {
    "IntelligentFocalLossController": {
      "current_gamma": 0.0,
      "alpha": [
        0.4500636116290925,
        0.4499105388442139,
        0.4504265974459257,
        0.44953944178988997,
        0.4492240363717047,
        0.45041190559271255,
        0.4495619343308009,
        0.4503341450069721,
        0.45039614609305706,
        0.4501316428956305
      ],
      "last_switch_epoch": 76,
      "threshold_reached_epoch": {},
      "_ramp_start_epoch": -1,
      "_ramp_start_gamma": 0.0,
      "_ramp_target_gamma": 0.0,
      "best_acc": 0.9907069802284241,
      "plateau_count": 3,
      "current_alpha": [
        0.4500636116290925,
        0.4499105388442139,
        0.4504265974459257,
        0.44953944178988997,
        0.4492240363717047,
        0.45041190559271255,
        0.4495619343308009,
        0.4503341450069721,
        0.45039614609305706,
        0.4501316428956305
      ]
    },
    "DynamicSchedulerController": {
      "current_phase": 1,
      "epoch_offset": 61,
      "phase_switched_epoch": {
        "0.985": 60
      }
    }
  }
}