epoch,accuracy,learning_rate,loss,val_accuracy,val_loss
0,0.12417664378881454,0.0010000000474974513,1.8425240516662598,0.2092188000679016,1.6496857404708862
