{
  "teacher": {
    "type": "v16+v4+v23+v17",
    "accuracy": 0.9959143968871595,
    "size_kb": 214.6279296875
  },
  "student": {
    "type": "v32_xl",
    "accuracy": 0.9852140077821012,
    "size_kb": 1676.6494140625,
    "tflite_path": "exported_models/10cls_RGB/distilled_v16+v4+v23+v17_to_v32_xl_10cls_RGB_0404_1134/v32_xl.tflite"
  },
  "distillation": {
    "mode": "soft",
    "temperature": 6.0,
    "alpha": 0.5,
    "use_progressive": true
  },
  "comparison": {
    "accuracy_drop": 0.010700389105058328,
    "size_ratio": 0.128010022779574,
    "compression_ratio": 0.128010022779574,
    "accuracy_retention": 0.9892557140066419
  },
  "training": {
    "num_classes": 10,
    "color_mode": "rgb",
    "batch_size": 32,
    "teacher_lr": 0.001,
    "student_lr": 0.001,
    "input_shape": [
      32,
      20,
      3
    ]
  },
  "timestamp": "2026-04-04T11:56:07.690820"
}